station_name,station_code,line,opening_date,latitude,longitude
Admiralty,NS10,North-South Line,1996-02-10,1.44058856161847,103.800990519771
Aljunied,EW9,East-West Line,1989-11-04,1.3164326118157,103.882906044385
Ang Mo Kio,NS16,North-South Line,1987-11-07,1.36993284962262,103.84955809232
Bartley,CC12,Circle Line,2009-05-28,1.34250117805245,103.880177899184
Bayfront,CE1/DT16,Circle Line Extension/Downtown Line,2012-01-14,1.28187378879209,103.859079764874
Bayshore,TE29,Thomson-East Coast Line,2024-06-23,1.31312248291264,103.942309776767
Beauty World,DT5,Downtown Line,2015-12-27,1.34122317558549,103.775794285083
Bedok,EW5,East-West Line,1989-11-04,1.32397996868158,103.929984495066
Bedok North,DT29,Downtown Line,2017-10-21,1.33474211664091,103.91797832995
Bedok Reservoir,DT30,Downtown Line,2017-10-21,1.33660782955099,103.932234623286
Bencoolen,DT21,Downtown Line,2017-10-21,1.29891843369422,103.850353762717
Bendemeer,DT23,Downtown Line,2017-10-21,1.31367252847691,103.862977620945
Bishan,NS17/CC15,North-South Line/Circle Line,1987-11-07,1.35083898784737,103.848143964542
Boon Keng,NE9,North East Line,2003-06-20,1.31933570922514,103.861569454156
Boon Lay,EW27,East-West Line,1990-07-06,1.33860405469845,103.706064622772
Botanic Gardens,CC19/DT9,Circle Line/Downtown Line,2011-10-08,1.32211373558877,103.814984510627
Braddell,NS18,North-South Line,1987-11-07,1.3404690010277,103.846799083148
Bras Basah,CC2,Circle Line,2010-04-17,1.29686168649656,103.850667371637
Bright Hill,TE7,Thomson-East Coast Line,2021-08-28,1.36328318545185,103.832893619992
Buangkok,NE15,North East Line,2006-01-15,1.38287001971672,103.893122569706
Bugis,EW12/DT14,East-West Line/Downtown Line,1989-11-04,1.30046508509717,103.855706730933
Bukit Batok,NS2,North-South Line,1990-03-10,1.34903331201636,103.749566478309
Bukit Gombak,NS3,North-South Line,1990-03-10,1.35861159094192,103.751790910733
Bukit Panjang,DT1,Downtown Line,2015-12-27,1.37900211641036,103.761535114929
Buona Vista,EW21/CC22,East-West Line/Circle Line,1988-03-12,1.3072237082044,103.790253514502
Caldecott,CC17/TE9,Circle Line/Thomson-East Coast Line,2011-10-08,1.33767337407828,103.839530785576
Canberra,NS12,North-South Line,2019-11-02,1.44307664075699,103.829702590959
Cashew,DT2,Downtown Line,2015-12-27,1.36981544925552,103.76443921414
Changi Airport,CG2,East-West Line Changi Airport Extension,2002-02-08,1.35747897447692,103.98788356959
Chinatown,NE4/DT19,North East Line/Downtown Line,2003-06-20,1.28435959278583,103.843426681863
Chinese Garden,EW25,East-West Line,1988-11-05,1.34235282081401,103.732596738363
Choa Chu Kang,NS4,North-South Line,1990-03-10,1.38536316540225,103.744370779756
City Hall,NS25/EW13,North-South Line/East-West Line,1987-12-12,1.29293672227779,103.852585580366
Clarke Quay,NE5,North East Line,2003-06-20,1.28838602407588,103.846555209694
Clementi,EW23,East-West Line,1988-03-12,1.31511625277378,103.765191452888
Commonwealth,EW20,East-West Line,1988-03-12,1.30250199924325,103.798228523336
Dakota,CC8,Circle Line,2010-04-17,1.30854798388121,103.889064718377
Dhoby Ghaut,NS24/NE6/CC1,North-South Line/North East Line/Circle Line,1987-12-12,1.29870132536119,103.846113677951
Dover,EW22,East-West Line,2001-10-18,1.31140529320963,103.778637841909
Downtown,DT17,Downtown Line,2013-12-22,1.27944638178916,103.852840829581
Esplanade,CC3,Circle Line,2010-04-17,1.2936577245386,103.855081226245
Eunos,EW7,East-West Line,1989-11-04,1.31978354916088,103.903225807255
Expo,CG1/DT35,East-West Line/Downtown Line,2001-01-10,1.33454977824817,103.961548211018
Farrer Park,NE8,North East Line,2003-06-20,1.31190557325774,103.853477716509
Farrer Road,CC20,Circle Line,2011-10-08,1.31743915158967,103.807379214161
Fort Canning,DT20,Downtown Line,2017-10-21,1.29248194822996,103.844331362465
Gardens by the Bay,TE22,Thomson-East Coast Line,2022-11-13,1.27848725876303,103.867454664421
Geylang Bahru,DT24,Downtown Line,2017-10-21,1.32130110228321,103.871622627142
Great World,TE15,Thomson-East Coast Line,2022-11-13,1.29394816169384,103.833720837731
Gul Circle,EW30,East-West Line,2017-06-16,1.31947090075208,103.660530461345
HarbourFront,NE1/CC29,North East Line/Circle Line,2003-06-20,1.26538938374901,103.821530157095
Havelock,TE16,Thomson-East Coast Line,2022-11-13,1.28850523975311,103.833585838226
Haw Par Villa,CC25,Circle Line,2011-10-08,1.28257135772488,103.781752725064
Hillview,DT3,Downtown Line,2015-12-27,1.36234486803558,103.767418254007
Holland Village,CC21,Circle Line,2011-10-08,1.31224029631595,103.796399122407
Hougang,NE14,North East Line,2003-06-20,1.37129226620797,103.892380513029
Hume,DT4,Downtown Line,2025-02-28,1.3545953239503,103.769118851887
Jalan Besar,DT22,Downtown Line,2017-10-21,1.3051713878069,103.855295713435
Joo Koon,EW29,East-West Line,2009-02-28,1.3277170408447,103.678374996165
Jurong East,NS1/EW24,North-South Line/East-West Line,1988-11-05,1.3330275154394,103.742370487607
Kaki Bukit,DT28,Downtown Line,2017-10-21,1.33496735995428,103.908459338046
Kallang,EW10,East-West Line,1989-11-04,1.31148890998818,103.871386541754
Katong Park,TE24,Thomson-East Coast Line,2024-06-23,1.29783147778951,103.886178949925
Kembangan,EW6,East-West Line,1989-11-04,1.3210381335934,103.912947930851
Kent Ridge,CC24,Circle Line,2011-10-08,1.29353349887123,103.784572738173
Khatib,NS14,North-South Line,1988-12-20,1.41738337009565,103.832979908243
King Albert Park,DT6,Downtown Line,2015-12-27,1.33566161262214,103.783399113441
Kovan,NE13,North East Line,2003-06-20,1.36017917065237,103.885064856353
Kranji,NS7,North-South Line,1996-02-10,1.42508698073648,103.762137459497
Labrador Park,CC27,Circle Line,2011-10-08,1.27225417749656,103.802631578766
Lakeside,EW26,East-West Line,1988-11-05,1.34425911493819,103.720949087456
Lavender,EW11,East-West Line,1989-11-04,1.30737781747063,103.862767633888
Lentor,TE5,Thomson-East Coast Line,2021-08-28,1.38550657972169,103.835743809669
Little India,NE7/DT12,North East Line/Downtown Line,2003-06-20,1.30680019696174,103.849647059738
Lorong Chuan,CC14,Circle Line,2009-05-28,1.35161217074555,103.864151938651
MacPherson,CC10/DT26,Circle Line/Downtown Line,2010-04-17,1.32607760171665,103.890391305725
Marina Bay,NS27/CE2/TE20,North-South Line/Circle Line Extension/Thomson-East Coast Line,1989-11-04,1.276410298755,103.854595522263
Marina South Pier,NS28,North-South Line,2014-11-23,1.27102703612006,103.862447515736
Marine Parade,TE26,Thomson-East Coast Line,2024-06-23,1.30261163483383,103.904983086812
Marine Terrace,TE27,Thomson-East Coast Line,2024-06-23,1.30666510344814,103.9151067005
Marsiling,NS8,North-South Line,1996-02-10,1.43252114855026,103.774074641403
Marymount,CC16,Circle Line,2009-05-28,1.348707263451,103.839423132332
Mattar,DT25,Downtown Line,2017-10-21,1.32687671501334,103.883247509542
Maxwell,TE18,Thomson-East Coast Line,2022-11-13,1.28053329842878,103.843883670633
Mayflower,TE6,Thomson-East Coast Line,2021-08-28,1.37146318831015,103.836567766945
Mountbatten,CC7,Circle Line,2010-04-17,1.30620190525331,103.882528081052
Napier,TE12,Thomson-East Coast Line,2022-11-13,1.30678223364785,103.818956796815
Newton,NS21/DT11,North-South Line/Downtown Line,1987-12-12,1.3123189224097,103.837984594021
Nicoll Highway,CC5,Circle Line,2010-04-17,1.29976684675139,103.86363696572
Novena,NS20,North-South Line,1987-12-12,1.32044079120154,103.843825618748
one-north,CC23,Circle Line,2011-10-08,1.29975987493555,103.78745750525
Orchard,NS22/TE14,North-South Line/Thomson-East Coast Line,1987-12-12,1.30398013681715,103.832245244375
Orchard Boulevard,TE13,Thomson-East Coast Line,2022-11-13,1.30242224836722,103.823868523249
Outram Park,EW16/NE3/TE17,East-West Line/North East Line/Thomson-East Coast Line,1987-12-12,1.28140504772213,103.839130979249
Pasir Panjang,CC26,Circle Line,2011-10-08,1.27621352233766,103.791350313288
Pasir Ris,EW1,East-West Line,1989-12-16,1.37304331635804,103.949284527763
Paya Lebar,EW8/CC9,East-West Line/Circle Line,1989-11-04,1.31811149224527,103.893060771576
Pioneer,EW28,East-West Line,2009-02-28,1.33758701106708,103.697321608474
Potong Pasir,NE10,North East Line,2003-06-20,1.33137949021368,103.869055656782
Promenade,CC4/DT15,Circle Line/Downtown Line,2010-04-17,1.29399798636232,103.860350000188
Punggol,NE17,North East Line,2003-06-20,1.40454653668991,103.902072622229
Punggol Coast,NE18,North East Line,2024-12-10,1.41492733388605,103.910166388177
Queenstown,EW19,East-West Line,1988-03-12,1.29455085184931,103.806077155982
Raffles Place,EW14/NS26,East-West Line/North-South Line,1987-12-12,1.28412561043658,103.851461712342
Redhill,EW18,East-West Line,1988-03-12,1.28963453412887,103.81674097205
Rochor,DT13,Downtown Line,2015-12-27,1.30385218527656,103.852769428884
Sembawang,NS11,North-South Line,1996-02-10,1.44905082158502,103.820046140211
Sengkang,NE16,North East Line,2003-06-20,1.39169462601522,103.895484694279
Serangoon,NE12/CC13,North East Line/Circle Line,2003-06-20,1.34970788089564,103.873574849884
Shenton Way,TE19,Thomson-East Coast Line,2022-11-13,1.2777168283425,103.850367596067
Siglap,TE28,Thomson-East Coast Line,2024-06-23,1.31000869432289,103.930025826708
Simei,EW3,East-West Line,1989-12-16,1.34319707851829,103.953377214378
Sixth Avenue,DT7,Downtown Line,2015-12-27,1.33085764536226,103.796906838288
Somerset,NS23,North-South Line,1987-12-12,1.30026416739006,103.839085753124
Springleaf,TE4,Thomson-East Coast Line,2021-08-28,1.39758106126824,103.817856949947
Stadium,CC6,Circle Line,2010-04-17,1.3028124684707,103.875337711089
Stevens,DT10/TE11,Downtown Line/Thomson-East Coast Line,2015-12-27,1.32006555750626,103.826024401924
Tai Seng,CC11,Circle Line,2010-04-17,1.33514150139202,103.888389300191
Tampines,EW2/DT32,East-West Line/Downtown Line,1989-12-16,1.35330167637376,103.945144586749
Tampines East,DT33,Downtown Line,2017-10-21,1.35619148271544,103.9546344625
Tampines West,DT31,Downtown Line,2017-10-21,1.34551530560119,103.938436971222
Tan Kah Kee,DT8,Downtown Line,2015-12-27,1.32555623519898,103.807760304729
Tanah Merah,EW4,East-West Line,1989-11-04,1.32718729074675,103.946348600798
Tanjong Katong,TE25,Thomson-East Coast Line,2024-06-23,1.29931925769899,103.897368742078
Tanjong Pagar,EW15,East-West Line,1987-12-12,1.27656131737246,103.845725186759
Tanjong Rhu,TE23,Thomson-East Coast Line,2024-06-23,1.29726507940646,103.873453254621
Telok Ayer,DT18,Downtown Line,2013-12-22,1.28206894769394,103.848648781083
Telok Blangah,CC28,Circle Line,2011-10-08,1.27070647717762,103.809761611219
Tiong Bahru,EW17,East-West Line,1988-03-12,1.28610253615775,103.827445112419
Toa Payoh,NS19,North-South Line,1987-11-07,1.33262928096888,103.847502198048
Tuas Crescent,EW31,East-West Line,2017-06-16,1.32102695598684,103.649078235627
Tuas Link,EW33,East-West Line,2017-06-16,1.34088242451105,103.636991425128
Tuas West Road,EW32,East-West Line,2017-06-16,1.32998504653102,103.639616648771
Ubi,DT27,Downtown Line,2017-10-21,1.32997425973974,103.899226655439
Upper Changi,DT34,Downtown Line,2017-10-21,1.34173977444995,103.961472788634
Upper Thomson,TE8,Thomson-East Coast Line,2021-08-28,1.35441643365401,103.832898468504
Woodlands,NS9/TE2,North-South Line/Thomson-East Coast Line,1996-02-10,1.43681962961519,103.786066799253
Woodlands North,TE1,Thomson-East Coast Line,2020-01-31,1.44829245259621,103.785692682441
Woodlands South,TE3,Thomson-East Coast Line,2020-01-31,1.42739605281442,103.79326432221
Woodleigh,NE11,North East Line,2011-06-20,1.33919004519388,103.87081830915
Yew Tee,NS5,North-South Line,1996-02-10,1.39753506936297,103.747405150236
Yio Chu Kang,NS15,North-South Line,1987-11-07,1.38175587099132,103.84494727118
Yishun,NS13,North-South Line,1988-12-20,1.42944308477331,103.835005047246
