school_name,postal_code,mainlevel_code,latitude,longitude
ADMIRALTY PRIMARY SCHOOL,738907,PRIMARY,1.442634790331114,103.800040119743
ADMIRALTY SECONDARY SCHOOL,737916,SECONDARY (S1-S5),1.445890689109919,103.8023981965959
AHMAD IBRAHIM PRIMARY SCHOOL,768643,PRIMARY,1.433152715435181,103.8329424010853
AHMAD IBRAHIM SECONDARY SCHOOL,768928,SECONDARY (S1-S5),1.436059753688065,103.8297186900766
AI TONG SCHOOL,579646,PRIMARY,1.360583433890406,103.8330203339857
ALEXANDRA PRIMARY SCHOOL,159016,PRIMARY,1.291334391613348,103.8244246805311
ANCHOR GREEN PRIMARY SCHOOL,544969,PRIMARY,1.390369986546132,103.8871653759329
ANDERSON PRIMARY SCHOOL,569785,PRIMARY,1.384199419079249,103.8414117160061
ANDERSON SECONDARY SCHOOL,569206,SECONDARY (S1-S5),1.374340017011785,103.8515541070679
ANDERSON SERANGOON JUNIOR COLLEGE,534768,JUNIOR COLLEGE,1.365043420024426,103.8870388093729
ANG MO KIO PRIMARY SCHOOL,569920,PRIMARY,1.369321765846087,103.839630858752
ANG MO KIO SECONDARY SCHOOL,569362,SECONDARY (S1-S5),1.367337101710713,103.8421549736715
ANGLICAN HIGH SCHOOL,487012,SECONDARY (S1-S4),1.330581262051284,103.9410825130811
ANGLO-CHINESE JUNIOR COLLEGE,139745,JUNIOR COLLEGE,1.303042551933919,103.7853584364079
ANGLO-CHINESE SCHOOL (BARKER ROAD),309919,SECONDARY (S1-S5),1.319616491513279,103.8357726899882
ANGLO-CHINESE SCHOOL (INDEPENDENT),139650,MIXED LEVEL (S1-JC2),1.303704092577828,103.7803634176709
ANGLO-CHINESE SCHOOL (JUNIOR),227988,PRIMARY,1.309350412749673,103.840950265464
ANGLO-CHINESE SCHOOL (PRIMARY),309918,PRIMARY,1.31837054523522,103.8356097323541
ANGSANA PRIMARY SCHOOL,528565,PRIMARY,1.363605905883133,103.9389409003993
ASSUMPTION ENGLISH SCHOOL,678117,SECONDARY (S1-S5),1.368381606628573,103.766687526556
ASSUMPTION PATHWAY SCHOOL,679697,SECONDARY (S1-S4),1.369670704322713,103.7659591305809
BARTLEY SECONDARY SCHOOL,538403,SECONDARY (S1-S5),1.339954155878111,103.8828062117046
BEACON PRIMARY SCHOOL,679944,PRIMARY,1.383949362118238,103.7736320229752
BEATTY SECONDARY SCHOOL,318990,SECONDARY (S1-S5),1.341790284928019,103.8522808423451
BEDOK GREEN PRIMARY SCHOOL,469317,PRIMARY,1.323445932879926,103.937878976352
BEDOK GREEN SECONDARY SCHOOL,469722,SECONDARY (S1-S5),1.33451947288432,103.9350283833453
BEDOK SOUTH SECONDARY SCHOOL,468585,SECONDARY (S1-S5),1.325136551591829,103.9509891392604
BEDOK VIEW SECONDARY SCHOOL,469293,SECONDARY (S1-S5),1.324157040296861,103.9437762450238
BENDEMEER PRIMARY SCHOOL,339948,PRIMARY,1.321812507804748,103.8654041676288
BENDEMEER SECONDARY SCHOOL,327919,SECONDARY (S1-S5),1.324611113079975,103.8609702844009
BLANGAH RISE PRIMARY SCHOOL,109100,PRIMARY,1.276120479240372,103.808628535239
BOON LAY GARDEN PRIMARY SCHOOL,649930,PRIMARY,1.342840137916176,103.7128583819372
BOON LAY SECONDARY SCHOOL,648354,SECONDARY (S1-S5),1.34272216334335,103.7018914539119
BOWEN SECONDARY SCHOOL,547529,SECONDARY (S1-S5),1.3703599443621,103.877659577677
BROADRICK SECONDARY SCHOOL,399935,SECONDARY (S1-S5),1.307050611234331,103.886917922608
BUKIT BATOK SECONDARY SCHOOL,658962,SECONDARY (S1-S5),1.348491110790525,103.7408737048192
BUKIT MERAH SECONDARY SCHOOL,159050,SECONDARY (S1-S5),1.285692830642895,103.8134389293932
BUKIT PANJANG GOVT. HIGH SCHOOL,689809,SECONDARY (S1-S5),1.382242433600432,103.7383612218687
BUKIT PANJANG PRIMARY SCHOOL,679676,PRIMARY,1.373500899865845,103.7694173376537
BUKIT TIMAH PRIMARY SCHOOL,598112,PRIMARY,1.33774986225881,103.7668553447784
BUKIT VIEW PRIMARY SCHOOL,659634,PRIMARY,1.345860547886968,103.75366641455
BUKIT VIEW SECONDARY SCHOOL,659633,SECONDARY (S1-S5),1.345733055429413,103.7522265939839
CANBERRA PRIMARY SCHOOL,757714,PRIMARY,1.451250243715436,103.8158588589283
CANBERRA SECONDARY SCHOOL,757699,SECONDARY (S1-S5),1.453190863159718,103.8142035838178
CANOSSA CATHOLIC PRIMARY SCHOOL,387621,PRIMARY,1.326644245448396,103.8822279648518
CANTONMENT PRIMARY SCHOOL,88256,PRIMARY,1.275472526232034,103.8399626317482
CASUARINA PRIMARY SCHOOL,518935,PRIMARY,1.372460639280005,103.9570202861143
CATHOLIC HIGH SCHOOL,579767,MIXED LEVEL (P1-S4),1.354525170657562,103.8449008048039
CATHOLIC JUNIOR COLLEGE,297822,JUNIOR COLLEGE,1.324556057832193,103.8350288423532
CEDAR GIRLS' SECONDARY SCHOOL,349692,SECONDARY (S1-S4),1.333758002163343,103.8739330648855
CEDAR PRIMARY SCHOOL,349700,PRIMARY,1.335660843562641,103.8756200625899
CHANGKAT CHANGI SECONDARY SCHOOL,529894,SECONDARY (S1-S5),1.339506300728762,103.9532455255639
CHANGKAT PRIMARY SCHOOL,529896,PRIMARY,1.340231639516331,103.9520801140343
CHIJ (KATONG) PRIMARY,424821,PRIMARY,1.306485352770875,103.9111056204962
CHIJ (KELLOCK),99757,PRIMARY,1.275022722964019,103.8281575648959
CHIJ KATONG CONVENT,449150,SECONDARY (S1-S5),1.306442680348951,103.9171443500279
CHIJ OUR LADY OF GOOD COUNSEL,558979,PRIMARY,1.357429522696155,103.8640093973725
CHIJ OUR LADY OF THE NATIVITY,534793,PRIMARY,1.373302971401289,103.8975757283031
CHIJ OUR LADY QUEEN OF PEACE,679287,PRIMARY,1.366603668560997,103.7674122046017
CHIJ PRIMARY (TOA PAYOH),319765,PRIMARY,1.332752647115879,103.8418472637856
CHIJ SECONDARY (TOA PAYOH),319764,SECONDARY (S1-S5),1.332460799483043,103.8432716250826
CHIJ ST. JOSEPH'S CONVENT,548595,SECONDARY (S1-S5),1.39175222260368,103.9024649915428
CHIJ ST. NICHOLAS GIRLS' SCHOOL,569405,MIXED LEVEL (P1-S4),1.373476878789176,103.8342532694353
CHIJ ST. THERESA'S CONVENT,99138,SECONDARY (S1-S5),1.275351775100545,103.8224407016418
CHONGFU SCHOOL,768959,PRIMARY,1.438395628970071,103.8393091738164
CHONGZHENG PRIMARY SCHOOL,529392,PRIMARY,1.350611305685559,103.9513172975512
CHRIST CHURCH SECONDARY SCHOOL,737924,SECONDARY (S1-S5),1.426567809014548,103.7934511052413
CHUA CHU KANG PRIMARY SCHOOL,689905,PRIMARY,1.377758900933685,103.7418329174204
CHUA CHU KANG SECONDARY SCHOOL,688848,SECONDARY (S1-S5),1.383334226370742,103.7551032758298
CHUNG CHENG HIGH SCHOOL (MAIN),439012,SECONDARY (S1-S4),1.305091547530479,103.8916532293727
CHUNG CHENG HIGH SCHOOL (YISHUN),768547,SECONDARY (S1-S5),1.419226035861755,103.8373907828488
CLEMENTI PRIMARY SCHOOL,129903,PRIMARY,1.315063218278743,103.7631444936865
CLEMENTI TOWN SECONDARY SCHOOL,129904,SECONDARY (S1-S5),1.315539129450737,103.7620205985233
COMMONWEALTH SECONDARY SCHOOL,608784,SECONDARY (S1-S5),1.319203959348025,103.745637393049
COMPASSVALE PRIMARY SCHOOL,545091,PRIMARY,1.394445296365664,103.8978122299046
COMPASSVALE SECONDARY SCHOOL,545083,SECONDARY (S1-S5),1.396140839520089,103.899847164494
CONCORD PRIMARY SCHOOL,689814,PRIMARY,1.380265161114646,103.7365542956354
CORPORATION PRIMARY SCHOOL,648347,PRIMARY,1.351485487726621,103.7075784049433
CRESCENT GIRLS' SCHOOL,247961,SECONDARY (S1-S4),1.293319470771038,103.8175444617547
CREST SECONDARY SCHOOL,609561,SECONDARY (S1-S4),1.343119804507612,103.742628105304
DAMAI PRIMARY SCHOOL,479226,PRIMARY,1.335246028297487,103.9212864353203
DAMAI SECONDARY SCHOOL,479229,SECONDARY (S1-S5),1.33692798510394,103.9270916534379
DAZHONG PRIMARY SCHOOL,659441,PRIMARY,1.359179744727699,103.7484721078394
DE LA SALLE SCHOOL,689285,PRIMARY,1.394707829639912,103.7432018128304
DEYI SECONDARY SCHOOL,569277,SECONDARY (S1-S5),1.365997025677177,103.8525457724221
DUNEARN SECONDARY SCHOOL,659204,SECONDARY (S1-S5),1.363579007928712,103.7447210910693
DUNMAN HIGH SCHOOL,436895,MIXED LEVEL (S1-JC2),1.299962160149622,103.8829415598902
DUNMAN SECONDARY SCHOOL,529093,SECONDARY (S1-S5),1.360652583370217,103.9562139069653
EAST SPRING PRIMARY SCHOOL,529258,PRIMARY,1.352684007463578,103.9616768491644
EAST SPRING SECONDARY SCHOOL,529231,SECONDARY (S1-S5),1.356225089925808,103.9606407002974
EDGEFIELD PRIMARY SCHOOL,828869,PRIMARY,1.400091395109958,103.907847599114
EDGEFIELD SECONDARY SCHOOL,828814,SECONDARY (S1-S5),1.400593099818258,103.9026873854646
ELIAS PARK PRIMARY SCHOOL,518866,PRIMARY,1.375056963158182,103.9452894168725
ENDEAVOUR PRIMARY SCHOOL,757521,PRIMARY,1.453881704172645,103.8171747016388
EUNOIA JUNIOR COLLEGE,573838,JUNIOR COLLEGE,1.362137571835474,103.8412861691214
EVERGREEN PRIMARY SCHOOL,738908,PRIMARY,1.444148354515854,103.7945452959214
EVERGREEN SECONDARY SCHOOL,738489,SECONDARY (S1-S5),1.441491312737382,103.794137756171
FAIRFIELD METHODIST SCHOOL (PRIMARY),139648,PRIMARY,1.301004419167346,103.785455606827
FAIRFIELD METHODIST SCHOOL (SECONDARY),139649,SECONDARY (S1-S5),1.301633743958234,103.7840996471483
FARRER PARK PRIMARY SCHOOL,217567,PRIMARY,1.312368676813718,103.8507664029651
FENGSHAN PRIMARY SCHOOL,469680,PRIMARY,1.32980598760785,103.9317102930578
FERN GREEN PRIMARY SCHOOL,797538,PRIMARY,1.397269660504794,103.8803303056833
FERNVALE PRIMARY SCHOOL,797701,PRIMARY,1.390302279637964,103.874445458032
FIRST TOA PAYOH PRIMARY SCHOOL,319252,PRIMARY,1.34032299499939,103.8555299061816
FRONTIER PRIMARY SCHOOL,648200,PRIMARY,1.336412987432344,103.6997017393095
FUCHUN PRIMARY SCHOOL,739063,PRIMARY,1.430479908101254,103.7781929442981
FUHUA PRIMARY SCHOOL,609647,PRIMARY,1.336597264658171,103.7360894818831
FUHUA SECONDARY SCHOOL,649410,SECONDARY (S1-S5),1.347014089137569,103.7265208983193
GAN ENG SENG PRIMARY SCHOOL,158901,PRIMARY,1.285595164949621,103.8155474100632
GAN ENG SENG SCHOOL,159561,SECONDARY (S1-S5),1.289071144857723,103.8237336730892
GEYLANG METHODIST SCHOOL (PRIMARY),389706,PRIMARY,1.318144168273754,103.8836285016008
GEYLANG METHODIST SCHOOL (SECONDARY),389705,SECONDARY (S1-S5),1.31764900474602,103.8826611293028
GONGSHANG PRIMARY SCHOOL,529176,PRIMARY,1.357116067902936,103.9491447972771
GREENDALE PRIMARY SCHOOL,828848,PRIMARY,1.39648195114255,103.9123346207095
GREENDALE SECONDARY SCHOOL,828866,SECONDARY (S1-S5),1.396960199368946,103.9117001408394
GREENRIDGE PRIMARY SCHOOL,677744,PRIMARY,1.385889219369218,103.7677944692579
GREENRIDGE SECONDARY SCHOOL,678972,SECONDARY (S1-S5),1.375600053443009,103.7639989140813
GREENWOOD PRIMARY SCHOOL,737942,PRIMARY,1.439899583317834,103.8047255873839
GUANGYANG SECONDARY SCHOOL,579807,SECONDARY (S1-S5),1.344409435256954,103.8502121630782
HAI SING CATHOLIC SCHOOL,519421,SECONDARY (S1-S5),1.374337170747808,103.9545445489052
HAIG GIRLS' SCHOOL,427072,PRIMARY,1.311943442713839,103.9029025571947
HENRY PARK PRIMARY SCHOOL,278790,PRIMARY,1.316676461783479,103.7842962277468
HILLGROVE SECONDARY SCHOOL,659250,SECONDARY (S1-S5),1.352735766159136,103.7529864883989
HOLY INNOCENTS' HIGH SCHOOL,534786,SECONDARY (S1-S5),1.371545088222631,103.8963988142639
HOLY INNOCENTS' PRIMARY SCHOOL,536451,PRIMARY,1.366938308773486,103.8941148997942
HONG WEN SCHOOL,327829,PRIMARY,1.321759999645534,103.8576284688807
HORIZON PRIMARY SCHOOL,828819,PRIMARY,1.399550034492005,103.9134048556651
HOUGANG PRIMARY SCHOOL,534238,PRIMARY,1.377382452314626,103.8808052745566
HOUGANG SECONDARY SCHOOL,534256,SECONDARY (S1-S5),1.377628795531905,103.8825391089642
HUA YI SECONDARY SCHOOL,649371,SECONDARY (S1-S5),1.352343654883408,103.7218323201689
HUAMIN PRIMARY SCHOOL,768857,PRIMARY,1.426972845129362,103.8442402265639
HWA CHONG INSTITUTION,269734,MIXED LEVEL (S1-JC2),1.326358062214406,103.8032903650219
INNOVA PRIMARY SCHOOL,737888,PRIMARY,1.42896700684852,103.7906075391852
JIEMIN PRIMARY SCHOOL,768515,PRIMARY,1.427688476652264,103.8304254900925
JING SHAN PRIMARY SCHOOL,569228,PRIMARY,1.371964457201105,103.8517635316804
JUNYUAN PRIMARY SCHOOL,528906,PRIMARY,1.347870747667462,103.9392217090732
JUNYUAN SECONDARY SCHOOL,528933,SECONDARY (S1-S5),1.353613152635378,103.9338861658239
JURONG PIONEER JUNIOR COLLEGE,688258,JUNIOR COLLEGE,1.384374064107325,103.7543746151894
JURONG PRIMARY SCHOOL,609476,PRIMARY,1.348438596989479,103.7331565668572
JURONG SECONDARY SCHOOL,618652,SECONDARY (S1-S5),1.33002032220943,103.7239529616472
JURONG WEST PRIMARY SCHOOL,648368,PRIMARY,1.33917519796104,103.6988037322437
JURONG WEST SECONDARY SCHOOL,648348,SECONDARY (S1-S5),1.335256346883231,103.7020989044422
JURONGVILLE SECONDARY SCHOOL,609790,SECONDARY (S1-S5),1.351288627702855,103.7289077100888
JUYING SECONDARY SCHOOL,649038,SECONDARY (S1-S5),1.338722773413297,103.6873102645743
KEMING PRIMARY SCHOOL,659762,PRIMARY,1.345528499608757,103.7564493993506
KENT RIDGE SECONDARY SCHOOL,127368,SECONDARY (S1-S5),1.301227734260989,103.7648896175657
KHENG CHENG SCHOOL,319580,PRIMARY,1.337338193563907,103.8471485018234
KONG HWA SCHOOL,399772,PRIMARY,1.310996740091935,103.8883520290672
KRANJI PRIMARY SCHOOL,689189,PRIMARY,1.393560504971042,103.7473627209389
KRANJI SECONDARY SCHOOL,689333,SECONDARY (S1-S5),1.390051098713108,103.7411906648444
KUO CHUAN PRESBYTERIAN PRIMARY SCHOOL,579793,PRIMARY,1.349398136695366,103.8550182333104
KUO CHUAN PRESBYTERIAN SECONDARY SCHOOL,579795,SECONDARY (S1-S5),1.350171299303138,103.8549837464155
LAKESIDE PRIMARY SCHOOL,618310,PRIMARY,1.338203977042863,103.718089546664
LIANHUA PRIMARY SCHOOL,659243,PRIMARY,1.354241911272948,103.7541658287112
LOYANG VIEW SECONDARY SCHOOL,519073,SECONDARY (S1-S5),1.366584171672383,103.9569445857245
MAHA BODHI SCHOOL,408931,PRIMARY,1.328580238735551,103.9013069041567
MANJUSRI SECONDARY SCHOOL,408940,SECONDARY (S1-S5),1.32747123084847,103.9017199638308
MARIS STELLA HIGH SCHOOL,368051,MIXED LEVEL (P1-S4),1.34139181236128,103.8777407134485
MARSILING PRIMARY SCHOOL,738927,PRIMARY,1.43383904037059,103.7736430138458
MARSILING SECONDARY SCHOOL,739110,SECONDARY (S1-S5),1.436644247699553,103.7760080904535
MARYMOUNT CONVENT SCHOOL,297754,PRIMARY,1.340438406613688,103.8398117367746
MAYFLOWER PRIMARY SCHOOL,569878,PRIMARY,1.376376835476832,103.8432528037418
MAYFLOWER SECONDARY SCHOOL,569384,SECONDARY (S1-S5),1.368272662097225,103.8353607268625
MEE TOH SCHOOL,828867,PRIMARY,1.394853560818655,103.90857257736
MERIDIAN PRIMARY SCHOOL,518798,PRIMARY,1.375506770548346,103.9349532761547
MERIDIAN SECONDARY SCHOOL,518901,SECONDARY (S1-S5),1.367246849201311,103.9489724836285
METHODIST GIRLS' SCHOOL (PRIMARY),599986,PRIMARY,1.332662135996364,103.7833821140175
METHODIST GIRLS' SCHOOL (SECONDARY),599986,SECONDARY (S1-S4),1.332662135996364,103.7833821140175
MILLENNIA INSTITUTE,658965,CENTRALISED INSTITUTE,1.350319392009867,103.7415935776833
MONTFORT JUNIOR SCHOOL,538786,PRIMARY,1.373624452340824,103.8897414579003
MONTFORT SECONDARY SCHOOL,538785,SECONDARY (S1-S5),1.373961316569128,103.8889283725771
NAN CHIAU HIGH SCHOOL,545079,SECONDARY (S1-S5),1.388795824983993,103.8900044237636
NAN CHIAU PRIMARY SCHOOL,545080,PRIMARY,1.392211499065922,103.8911809281854
NAN HUA HIGH SCHOOL,129956,SECONDARY (S1-S5),1.308095295186052,103.7685614467247
NAN HUA PRIMARY SCHOOL,128806,PRIMARY,1.319201599563877,103.7610950657604
NANYANG GIRLS' HIGH SCHOOL,288683,SECONDARY (S1-S4),1.330583266664794,103.8024209799424
NANYANG JUNIOR COLLEGE,556111,JUNIOR COLLEGE,1.35028314949236,103.8664987219115
NANYANG PRIMARY SCHOOL,268097,PRIMARY,1.321070942411543,103.8076818527984
NATIONAL JUNIOR COLLEGE,288913,MIXED LEVEL (S1-JC2),1.330292910721726,103.804110905425
NAVAL BASE PRIMARY SCHOOL,769028,PRIMARY,1.415901956976501,103.8391005902065
NAVAL BASE SECONDARY SCHOOL,768689,SECONDARY (S1-S5),1.419378816204425,103.8310503902469
NEW TOWN PRIMARY SCHOOL,148812,PRIMARY,1.299811388840579,103.7999648198951
NEW TOWN SECONDARY SCHOOL,139657,SECONDARY (S1-S5),1.309775900113593,103.7731886342096
NGEE ANN PRIMARY SCHOOL,449149,PRIMARY,1.305532241804384,103.917570005713
NGEE ANN SECONDARY SCHOOL,529283,SECONDARY (S1-S5),1.354475257558064,103.9567472624953
NORTH SPRING PRIMARY SCHOOL,545088,PRIMARY,1.387061464948597,103.9032026830277
NORTH VIEW PRIMARY SCHOOL,768960,PRIMARY,1.427451594625655,103.8483784428927
NORTH VISTA PRIMARY SCHOOL,544974,PRIMARY,1.382550661711514,103.8962645754801
NORTH VISTA SECONDARY SCHOOL,545081,SECONDARY (S1-S5),1.381131285358019,103.8991888138857
NORTHBROOKS SECONDARY SCHOOL,768692,SECONDARY (S1-S5),1.420812850206535,103.8451473325277
NORTHLAND PRIMARY SCHOOL,769026,PRIMARY,1.421304041598082,103.8407929233448
NORTHLAND SECONDARY SCHOOL,768578,SECONDARY (S1-S5),1.435801833626377,103.8401046877841
NORTHLIGHT SCHOOL,327830,SECONDARY (S1-S4),1.319100215816715,103.8557595535299
NORTHOAKS PRIMARY SCHOOL,757622,PRIMARY,1.457328673020936,103.8140756111743
NORTHSHORE PRIMARY SCHOOL,828671,PRIMARY,1.418423220793498,103.905147201163
NUS HIGH SCHOOL OF MATHEMATICS AND SCIENCE,129957,MIXED LEVEL (S1-JC2),1.306006780962482,103.7701528077369
OASIS PRIMARY SCHOOL,828716,PRIMARY,1.405071847585848,103.9112001938345
OPERA ESTATE PRIMARY SCHOOL,458436,PRIMARY,1.319968763777494,103.9237526686315
ORCHID PARK SECONDARY SCHOOL,768454,SECONDARY (S1-S5),1.415320327796348,103.8378592413427
OUTRAM SECONDARY SCHOOL,549936,SECONDARY (S1-S5),1.397750204283463,103.8912304263114
PALM VIEW PRIMARY SCHOOL,544822,PRIMARY,1.383769230221237,103.891354675017
PARK VIEW PRIMARY SCHOOL,519524,PRIMARY,1.37801687647812,103.9392021806994
PASIR RIS CREST SECONDARY SCHOOL,518934,SECONDARY (S1-S5),1.372840601022477,103.9597282029184
PASIR RIS PRIMARY SCHOOL,518968,PRIMARY,1.372451327220885,103.9629226990302
PASIR RIS SECONDARY SCHOOL,529400,SECONDARY (S1-S5),1.354227326533977,103.9489626262035
PAYA LEBAR METHODIST GIRLS' SCHOOL (PRIMARY),536741,PRIMARY,1.350254560089406,103.8848468761118
PAYA LEBAR METHODIST GIRLS' SCHOOL (SECONDARY),536742,SECONDARY (S1-S5),1.35096755912522,103.8851200505879
PEI CHUN PUBLIC SCHOOL,319320,PRIMARY,1.336778643906726,103.8553413102114
PEI HWA PRESBYTERIAN PRIMARY SCHOOL,597610,PRIMARY,1.338073021211523,103.7762509030946
PEI HWA SECONDARY SCHOOL,797702,SECONDARY (S1-S5),1.390375049932347,103.8784617453386
PEI TONG PRIMARY SCHOOL,129857,PRIMARY,1.31666529308968,103.7674389995323
PEICAI SECONDARY SCHOOL,556094,SECONDARY (S1-S5),1.359515832222158,103.8700107490543
PEIRCE SECONDARY SCHOOL,575566,SECONDARY (S1-S5),1.366659446538121,103.83021606804
PEIYING PRIMARY SCHOOL,768687,PRIMARY,1.417416275512517,103.8301432098749
PIONEER PRIMARY SCHOOL,699915,PRIMARY,1.354425929307369,103.7327909201966
POI CHING SCHOOL,529067,PRIMARY,1.357651218776781,103.9352464861737
PRESBYTERIAN HIGH SCHOOL,569845,SECONDARY (S1-S5),1.38175437421949,103.8423829687938
PRINCESS ELIZABETH PRIMARY SCHOOL,659163,PRIMARY,1.349190988575864,103.7407192080109
PUNGGOL COVE PRIMARY SCHOOL,828674,PRIMARY,1.411584555624553,103.89890448429
PUNGGOL GREEN PRIMARY SCHOOL,828772,PRIMARY,1.401725904505284,103.8987942623066
PUNGGOL PRIMARY SCHOOL,538787,PRIMARY,1.378200625476397,103.8946671595121
PUNGGOL SECONDARY SCHOOL,828870,SECONDARY (S1-S5),1.402057384213998,103.9092137064815
PUNGGOL VIEW PRIMARY SCHOOL,828845,PRIMARY,1.405052502260583,103.9052990265681
QIFA PRIMARY SCHOOL,128104,PRIMARY,1.313265832680701,103.7566291018106
QIHUA PRIMARY SCHOOL,738525,PRIMARY,1.442035965575938,103.7883397620653
QUEENSTOWN PRIMARY SCHOOL,149303,PRIMARY,1.295529055877536,103.8076484756559
QUEENSTOWN SECONDARY SCHOOL,148800,SECONDARY (S1-S5),1.293521267746537,103.8131909800548
QUEENSWAY SECONDARY SCHOOL,149295,SECONDARY (S1-S5),1.300222715921892,103.8022072916252
RADIN MAS PRIMARY SCHOOL,99840,PRIMARY,1.274897015297713,103.8241157816578
RAFFLES GIRLS' PRIMARY SCHOOL,289072,PRIMARY,1.330041780682768,103.8063978289381
RAFFLES GIRLS' SCHOOL (SECONDARY),318871,SECONDARY (S1-S4),1.342174799322947,103.8431340472698
RAFFLES INSTITUTION,575954,MIXED LEVEL (S1-JC2),1.346290450133583,103.8436202472306
RED SWASTIKA SCHOOL,469719,PRIMARY,1.334056595808593,103.9343175284833
REGENT SECONDARY SCHOOL,689621,SECONDARY (S1-S5),1.393279083356832,103.7510344115285
RIVER VALLEY HIGH SCHOOL,649961,MIXED LEVEL (S1-JC2),1.344595842237198,103.708190688947
RIVER VALLEY PRIMARY SCHOOL,237993,PRIMARY,1.294183478428372,103.8360189415711
RIVERSIDE PRIMARY SCHOOL,737803,PRIMARY,1.447004264937856,103.8018890313332
RIVERSIDE SECONDARY SCHOOL,738524,SECONDARY (S1-S5),1.441101571391271,103.7883082364092
RIVERVALE PRIMARY SCHOOL,545092,PRIMARY,1.393335062982132,103.9045452532879
ROSYTH SCHOOL,555855,PRIMARY,1.372858365405815,103.8747717039899
RULANG PRIMARY SCHOOL,649295,PRIMARY,1.346738688890966,103.7184579554868
"SCHOOL OF SCIENCE AND TECHNOLOGY, SINGAPORE",138572,SECONDARY (S1-S4),1.312928106002766,103.7740115293219
"SCHOOL OF THE ARTS, SINGAPORE",227968,MIXED LEVEL (S1-JC2),1.299364804113185,103.8486874193626
SEMBAWANG PRIMARY SCHOOL,757715,PRIMARY,1.445745309602403,103.8211526762143
SEMBAWANG SECONDARY SCHOOL,757704,SECONDARY (S1-S5),1.445315021313872,103.8168432581173
SENG KANG PRIMARY SCHOOL,545166,PRIMARY,1.389250447782248,103.8995278792292
SENG KANG SECONDARY SCHOOL,545090,SECONDARY (S1-S5),1.38659683143747,103.898365036709
SENGKANG GREEN PRIMARY SCHOOL,797636,PRIMARY,1.392540093081118,103.8749848695505
SERANGOON GARDEN SECONDARY SCHOOL,555889,SECONDARY (S1-S5),1.369325704909471,103.8692703014753
SERANGOON SECONDARY SCHOOL,534237,SECONDARY (S1-S5),1.374655388274423,103.902138740699
SHUQUN PRIMARY SCHOOL,649332,PRIMARY,1.346869672590671,103.7215593872028
SI LING PRIMARY SCHOOL,739067,PRIMARY,1.432409357325257,103.786035065192
SINGAPORE CHINESE GIRLS' PRIMARY SCHOOL,309437,PRIMARY,1.320634083518409,103.8281649669527
SINGAPORE CHINESE GIRLS' SCHOOL,309437,SECONDARY (S1-S4),1.320634083518409,103.8281649669527
SINGAPORE SPORTS SCHOOL,737913,"MIXED LEVEL (S1-S5, JC1-JC2)",1.426411405563434,103.7894447939508
SOUTH VIEW PRIMARY SCHOOL,689762,PRIMARY,1.381431239876985,103.7471536709992
SPECTRA SECONDARY SCHOOL,737758,SECONDARY (S1-S4),1.4370375078996,103.8041004674866
SPRINGDALE PRIMARY SCHOOL,544799,PRIMARY,1.395285444633771,103.8894164135011
SPRINGFIELD SECONDARY SCHOOL,529593,SECONDARY (S1-S5),1.349573034714754,103.9303544606924
ST ANDREW'S JUNIOR COLLEGE,357691,JUNIOR COLLEGE,1.333065157409554,103.8635763770552
ST ANDREW'S SCHOOL (JUNIOR),359337,PRIMARY,1.331402553088687,103.8651171343843
ST ANDREW'S SCHOOL (SECONDARY),359342,SECONDARY (S1-S5),1.330693609680754,103.8662491385613
ST. ANTHONY'S CANOSSIAN PRIMARY SCHOOL,469701,PRIMARY,1.33472537301891,103.9412348682017
ST. ANTHONY'S CANOSSIAN SECONDARY SCHOOL,469700,SECONDARY (S1-S5),1.334663134988562,103.9419771669314
ST. ANTHONY'S PRIMARY SCHOOL,659401,PRIMARY,1.364119484758337,103.7492519190488
ST. GABRIEL'S PRIMARY SCHOOL,556742,PRIMARY,1.349307667955572,103.8623098999852
ST. GABRIEL'S SECONDARY SCHOOL,556140,SECONDARY (S1-S5),1.346487987321781,103.876094163287
ST. HILDA'S PRIMARY SCHOOL,529706,PRIMARY,1.349679789698374,103.937016363397
ST. HILDA'S SECONDARY SCHOOL,528986,SECONDARY (S1-S5),1.349739223853801,103.9376080321475
ST. JOSEPH'S INSTITUTION,308274,MIXED LEVEL (S1-JC2),1.323653134901521,103.8284989749843
ST. JOSEPH'S INSTITUTION JUNIOR,309331,PRIMARY,1.317814761185532,103.8456333345214
ST. MARGARET'S SCHOOL (PRIMARY),228197,PRIMARY,1.304144073583324,103.845820266438
ST. MARGARET'S SCHOOL (SECONDARY),259240,SECONDARY (S1-S5),1.319774640505861,103.8096022154017
ST. PATRICK'S SCHOOL,429058,SECONDARY (S1-S5),1.307883418718001,103.9176381937125
ST. STEPHEN'S SCHOOL,455789,PRIMARY,1.318789972951361,103.9172581295975
SWISS COTTAGE SECONDARY SCHOOL,659322,SECONDARY (S1-S5),1.364717426974759,103.750396136688
TAMPINES MERIDIAN JUNIOR COLLEGE,518799,JUNIOR COLLEGE,1.376333469096834,103.9369907234404
TAMPINES NORTH PRIMARY SCHOOL,529565,PRIMARY,1.360487860256083,103.9487689005172
TAMPINES PRIMARY SCHOOL,529426,PRIMARY,1.350486394669401,103.943573098509
TAMPINES SECONDARY SCHOOL,529427,SECONDARY (S1-S5),1.34926094811197,103.9442637095066
TANJONG KATONG GIRLS' SCHOOL,439272,SECONDARY (S1-S4),1.307562618439414,103.8961072045417
TANJONG KATONG PRIMARY SCHOOL,437259,PRIMARY,1.304984890448227,103.8999999654065
TANJONG KATONG SECONDARY SCHOOL,438796,SECONDARY (S1-S4),1.308735159553417,103.8972251961986
TAO NAN SCHOOL,449761,PRIMARY,1.305285286873217,103.9115531523253
TECK GHEE PRIMARY SCHOOL,569299,PRIMARY,1.365650185469026,103.8510098004526
TECK WHYE PRIMARY SCHOOL,688261,PRIMARY,1.383886604693974,103.7539245585861
TELOK KURAU PRIMARY SCHOOL,479239,PRIMARY,1.331096110019328,103.9110053458552
TEMASEK JUNIOR COLLEGE,529564,MIXED LEVEL (S1-JC2),1.357280172558621,103.9561859363937
TEMASEK PRIMARY SCHOOL,469300,PRIMARY,1.317203416630649,103.9457594378398
TEMASEK SECONDARY SCHOOL,465561,SECONDARY (S1-S5),1.315916731506153,103.9475641120216
TOWNSVILLE PRIMARY SCHOOL,569730,PRIMARY,1.359946494775676,103.8537689947749
UNITY PRIMARY SCHOOL,688268,PRIMARY,1.402783032190362,103.7468012339729
UNITY SECONDARY SCHOOL,689143,SECONDARY (S1-S5),1.400015241194411,103.7460209148292
VALOUR PRIMARY SCHOOL,828728,PRIMARY,1.407441681637779,103.8987621736618
VICTORIA JUNIOR COLLEGE,449035,JUNIOR COLLEGE,1.306701741774799,103.9199827041485
VICTORIA SCHOOL,448880,SECONDARY (S1-S4),1.308713027075099,103.9279809666388
WATERWAY PRIMARY SCHOOL,828802,PRIMARY,1.398892612263155,103.9185859245818
WELLINGTON PRIMARY SCHOOL,757702,PRIMARY,1.451685176147782,103.8225162080872
WEST GROVE PRIMARY SCHOOL,649223,PRIMARY,1.344712117689155,103.6989642129882
WEST SPRING PRIMARY SCHOOL,679946,PRIMARY,1.389179718084546,103.7663977228801
WEST SPRING SECONDARY SCHOOL,677737,SECONDARY (S1-S5),1.387822833037825,103.7601288401548
WEST VIEW PRIMARY SCHOOL,677742,PRIMARY,1.383785465462291,103.7602734322579
WESTWOOD PRIMARY SCHOOL,649188,PRIMARY,1.347710965472197,103.7004675207911
WESTWOOD SECONDARY SCHOOL,648350,SECONDARY (S1-S5),1.353736985109939,103.7017721021389
WHITE SANDS PRIMARY SCHOOL,519075,PRIMARY,1.365636109416956,103.9608618146777
WHITLEY SECONDARY SCHOOL,579747,SECONDARY (S1-S5),1.355052084806503,103.8425523781361
WOODGROVE PRIMARY SCHOOL,738079,PRIMARY,1.432736207250495,103.7902303139194
WOODGROVE SECONDARY SCHOOL,738990,SECONDARY (S1-S5),1.428318281370131,103.7960475853894
WOODLANDS PRIMARY SCHOOL,738853,PRIMARY,1.436582707202003,103.791791282236
WOODLANDS RING PRIMARY SCHOOL,738240,PRIMARY,1.434851793802362,103.7974143435101
WOODLANDS RING SECONDARY SCHOOL,739062,SECONDARY (S1-S5),1.43070452883799,103.7776257485383
WOODLANDS SECONDARY SCHOOL,739111,SECONDARY (S1-S5),1.439125281413568,103.774586410437
XINGHUA PRIMARY SCHOOL,538882,PRIMARY,1.35799653782465,103.8902163554591
XINGNAN PRIMARY SCHOOL,649036,PRIMARY,1.342706396692246,103.6875884786809
XINMIN PRIMARY SCHOOL,538784,PRIMARY,1.371767983174687,103.8828099178501
XINMIN SECONDARY SCHOOL,538789,SECONDARY (S1-S5),1.372558847000039,103.8830516138498
XISHAN PRIMARY SCHOOL,768611,PRIMARY,1.433471869250645,103.8377553194475
YANGZHENG PRIMARY SCHOOL,556108,PRIMARY,1.348976808384122,103.8684671299535
YEW TEE PRIMARY SCHOOL,689100,PRIMARY,1.396726034971953,103.7518179929614
YIO CHU KANG PRIMARY SCHOOL,538720,PRIMARY,1.37793264345277,103.885643682171
YIO CHU KANG SECONDARY SCHOOL,569868,SECONDARY (S1-S5),1.377975977409265,103.8421369635195
YISHUN INNOVA JUNIOR COLLEGE,768675,JUNIOR COLLEGE,1.424266925723368,103.8300317114899
YISHUN PRIMARY SCHOOL,768679,PRIMARY,1.43397617334964,103.8340507966576
YISHUN SECONDARY SCHOOL,768516,SECONDARY (S1-S5),1.428133242760868,103.8287643166788
YISHUN TOWN SECONDARY SCHOOL,768610,SECONDARY (S1-S5),1.432321567173857,103.8380942263609
YU NENG PRIMARY SCHOOL,469623,PRIMARY,1.333980378940721,103.9320150362959
YUAN CHING SECONDARY SCHOOL,618654,SECONDARY (S1-S5),1.342006357644682,103.7208987043702
YUHUA PRIMARY SCHOOL,609558,PRIMARY,1.342919816220172,103.7408611488788
YUHUA SECONDARY SCHOOL,649406,SECONDARY (S1-S5),1.347186268769677,103.7226872358383
YUMIN PRIMARY SCHOOL,529393,PRIMARY,1.351315698908628,103.9505510913724
YUSOF ISHAK SECONDARY SCHOOL,828676,SECONDARY (S1-S5),1.406937024581786,103.8962751495709
YUYING SECONDARY SCHOOL,538884,SECONDARY (S1-S5),1.35713595302468,103.8901947552866
ZHANGDE PRIMARY SCHOOL,169485,PRIMARY,1.284211538554757,103.8259518846363
ZHENGHUA PRIMARY SCHOOL,679002,PRIMARY,1.379428736170532,103.7697031720097
ZHENGHUA SECONDARY SCHOOL,679962,SECONDARY (S1-S5),1.388365834153536,103.7655106385263
ZHONGHUA PRIMARY SCHOOL,556095,PRIMARY,1.360260724760189,103.8697125173825
ZHONGHUA SECONDARY SCHOOL,556123,SECONDARY (S1-S5),1.348407208462093,103.869430481414
